id,Check,checkingpeer,state,Time
1,1,mitcheld,Start,10:52:57
2,1,mitcheld,Success,10:54:57
3,2,jacquelp,Start,10:52:57
4,2,jacquelp,Success,10:54:57
5,3,omanytea,Start,10:52:57
6,3,omanytea,Success,10:54:57
7,4,scabberr,Start,10:52:57
8,4,scabberr,Success,10:54:57
9,5,junielan,Start,11:52:57
10,5,junielan,Success,11:54:57
11,6,maslynem,Start,11:52:57
12,6,maslynem,Success,11:54:57
13,7,naboojot,Start,11:52:57
14,7,naboojot,Success,11:54:57
15,8,mitcheld,Start,11:52:57
16,8,mitcheld,Success,11:54:57
17,9,butterba,Start,09:42:57
18,9,butterba,Success,09:44:57
19,10,clairere,Start,09:42:57
20,10,clairere,Success,09:44:57
21,11,strangem,Start,10:52:57
22,11,strangem,Success,10:54:57
23,12,naboojot,Start,10:52:57
24,12,naboojot,Success,10:54:57
25,13,maslynem,Start,10:52:57
26,13,maslynem,Success,10:54:57
27,14,butterba,Start,10:52:57
28,14,butterba,Success,10:54:57
29,15,scabberr,Start,11:52:57
30,15,scabberr,Success,11:54:57
31,16,letishal,Start,11:52:57
32,16,letishal,Success,11:54:57
33,17,chesterh,Start,11:52:57
34,17,chesterh,Success,11:54:57
35,18,junielan,Start,11:52:57
36,18,junielan,Success,11:54:57
37,19,mitcheld,Start,09:42:57
38,19,mitcheld,Success,09:44:57
39,20,clairere,Start,09:42:57
40,20,clairere,Success,09:44:57
41,21,marnitic,Start,09:42:57
42,21,marnitic,Success,09:44:57
43,22,mitcheld,Start,09:42:57
44,22,mitcheld,Success,09:44:57
45,23,butterba,Start,12:59:57
46,23,butterba,Success,13:01:57
47,24,scabberr,Start,09:42:57
48,24,scabberr,Success,09:44:57
49,25,jacquelp,Start,12:59:57
50,25,jacquelp,Success,13:01:57
51,26,maslynem,Start,14:19:57
52,26,maslynem,Success,14:21:57
53,27,chesterh,Start,14:19:57
54,27,chesterh,Success,14:21:57
55,28,takishas,Start,14:19:57
56,28,takishas,Success,14:21:57
57,29,jacquelp,Start,14:19:57
58,29,jacquelp,Success,14:21:57
59,30,naboojot,Start,14:19:57
60,30,naboojot,Success,14:21:57