ID,Peer,Date,Time,State
1,naboojot,'2022-09-07','08:12:27',1
2,naboojot,'2022-09-07','19:42:45',2
3,butterba,'2022-09-17','10:12:09',1
4,butterba,'2022-09-17','20:12:18',2
5,strangem,'2022-09-21','10:12:18',1
6,strangem,'2022-09-21','20:22:27',2
7,takishas,'2022-10-05','10:32:38',1
8,takishas,'2022-10-05','19:12:38',2
9,mitcheld,'2022-10-25','10:42:28',1
10,mitcheld,'2022-10-25','19:42:35',2
11,jacquelp,'2022-11-13','11:12:18',1
12,jacquelp,'2022-11-13','18:12:58',2
13,omanytea,'2022-11-28','12:12:46',1
14,omanytea,'2022-11-28','18:32:56',2
15,naboojot,'2022-12-07','08:12:27',1
16,naboojot,'2022-12-07','19:42:45',2
17,butterba,'2022-12-17','10:12:09',1
18,butterba,'2022-12-17','20:12:18',2
19,strangem,'2022-12-21','10:12:18',1
20,strangem,'2022-12-21','20:22:27',2
21,takishas,'2023-01-05','10:32:38',1
22,takishas,'2023-01-05','19:12:38',2
23,mitcheld,'2023-01-25','10:42:28',1
24,mitcheld,'2023-01-25','19:42:35',2
25,jacquelp,'2023-02-13','11:12:18',1
26,jacquelp,'2023-02-13','18:12:58',2
27,omanytea,'2023-02-28','12:12:46',1
28,omanytea,'2023-02-28','18:32:56',2
29,strangem,'2023-03-21','10:12:18',1
30,strangem,'2023-03-21','19:42:45',2
31,butterba,'2023-03-27','10:12:09',1
32,butterba,'2023-03-27','20:22:27',2
33,takishas,'2023-04-05','10:32:38',1
34,takishas,'2023-04-05','19:12:38',2
35,naboojot,'2023-04-10','08:12:27',1
36,naboojot,'2023-04-10','20:12:18',2
37,mitcheld,'2023-04-25','10:42:28',1
38,mitcheld,'2023-04-25','19:42:35',2
39,jacquelp,'2023-05-13','11:12:18',1
40,jacquelp,'2023-05-13','18:12:58',2
41,omanytea,'2023-05-28','12:12:46',1
42,omanytea,'2023-05-28','18:32:56',2
43,butterba,'2023-06-07','08:12:27',1
44,butterba,'2023-06-07','19:42:45',2
45,strangem,'2023-06-17','10:12:09',1
46,strangem,'2023-06-17','20:12:18',2
47,jacquelp,'2023-06-18','10:12:18',1
48,jacquelp,'2023-06-18','20:22:27',2
49,takishas,'2023-07-05','10:32:38',1
50,takishas,'2023-07-05','19:12:38',2
51,mitcheld,'2023-07-25','10:42:28',1
52,mitcheld,'2023-07-25','19:42:35',2
53,butterba,'2023-07-27','08:12:27',1
54,butterba,'2023-07-27','19:42:45',2
55,strangem,'2023-08-03','10:12:09',1
56,strangem,'2023-08-03','20:12:18',2
57,takishas,'2023-08-11','10:12:18',1
58,takishas,'2023-08-11','20:22:27',2
59,jacquelp,'2023-08-13','11:12:18',1
60,jacquelp,'2023-08-13','18:12:58',2
61,omanytea,'2023-08-28','12:12:46',1
62,omanytea,'2023-08-28','18:32:56',2
63,jacquelp,'2023-09-01','11:12:18',1
64,jacquelp,'2023-09-01','18:12:58',2
65,omanytea,'2023-09-07','12:12:46',1
66,omanytea,'2023-09-07','18:32:56',2
67,butterba,'2023-09-03','08:12:27',1
68,butterba,'2023-09-03','20:12:09',2
69,strangem,'2023-09-04','10:12:18',1
70,strangem,'2023-09-04','19:42:45',2
71,butterba,'2023-09-05','10:12:18',1
72,butterba,'2023-09-05','20:22:27',2
