id,Check,State,Time
1,1,Start,10:54:57
2,1,Success,10:56:57
3,2,Start,10:54:57
4,2,Success,10:56:57
5,3,Start,10:54:57
6,3,Success,10:56:57
7,4,Start,10:54:57
8,4,Success,10:56:57
9,5,Start,11:54:57
10,5,Success,11:56:57
11,6,Start,11:54:57
12,6,Success,11:56:57
13,7,Start,11:54:57
14,7,Success,11:56:57
15,8,Start,11:54:57
16,8,Success,11:56:57
17,9,Start,09:44:57
18,9,Success,09:46:57
19,10,Start,09:44:57
20,10,Success,09:46:57
21,11,Start,10:54:57
22,11,Success,10:56:57
23,12,Start,10:54:57
24,12,Success,10:56:57
25,13,Start,10:54:57
26,13,Success,10:56:57
27,14,Start,10:54:57
28,14,Success,10:56:57
29,15,Start,11:54:57
30,15,Success,11:56:57
31,16,Start,11:54:57
32,16,Success,11:56:57
33,17,Start,11:54:57
34,17,Success,11:56:57
35,18,Start,11:54:57
36,18,Success,11:56:57
37,19,Start,09:44:57
38,19,Success,09:46:57
39,20,Start,09:44:57
40,20,Success,09:46:57
41,21,Start,09:44:57
42,21,Success,09:46:57
43,22,Start,09:44:57
44,22,Success,09:46:57
45,23,Start,13:01:57
46,23,Success,13:03:57
47,24,Start,09:44:57
48,24,Success,09:46:57
49,25,Start,13:01:57
50,25,Success,13:03:57
51,26,Start,14:21:57
52,26,Success,14:23:57
53,27,Start,14:21:57
54,27,Success,14:23:57
55,28,Start,14:21:57
56,28,Success,14:23:57
57,29,Start,14:21:57
58,29,Success,14:23:57
59,30,Start,14:21:57
60,30,Success,14:23:57